"State","District","Grade","Overall","Categories - 1.Outcome (290)","Categories - 2. ECT (90)","Categories - 3. IF&SE (51)","Categories - 4. SS&CP (35)","Categories - 5. DL
(50)","Categories - 6. GP
(84)"
"Andaman & Nicobar Islands","South Andamans","Prachesta-1","328","128","70","32","24","25","48"
"Andaman & Nicobar Islands","Middle And North Andamans","Prachesta-1","319","134","70","31","26","17","41"
"Andaman & Nicobar Islands","Nicobars","Prachesta-2","293","115","68","36","27","17","30"
"Andhra Pradesh","Guntur","Prachesta-1","344","123","63","43","25","24","65"
"Andhra Pradesh","Visakhapatnam","Prachesta-1","343","120","64","44","25","28","61"
"Andhra Pradesh","East Godavari","Prachesta-1","340","123","64","43","23","24","64"
"Andhra Pradesh","Anakapalli","Prachesta-1","340","123","63","44","24","21","65"
"Andhra Pradesh","Vizianagaram","Prachesta-1","339","123","62","43","24","21","65"
"Andhra Pradesh","Palnadu","Prachesta-1","339","120","63","43","26","23","64"
"Andhra Pradesh","Parvathipuram
Manyam","Prachesta-1","337","123","62","42","29","18","64"
"Andhra Pradesh","NTR","Prachesta-1","337","110","63","44","25","25","69"
"Andhra Pradesh","Alluri Sitharama Raju","Prachesta-1","336","124","60","40","30","16","67"
"Andhra Pradesh","Kakinada","Prachesta-1","335","117","63","43","25","23","64"
"Andhra Pradesh","Bapatla","Prachesta-1","333","123","60","43","25","19","63"
"Andhra Pradesh","West Godavari","Prachesta-1","331","114","61","44","24","22","65"
"Andhra Pradesh","Krishna","Prachesta-1","330","111","63","44","25","22","66"
"Andhra Pradesh","Srikakulam","Prachesta-1","329","116","61","44","25","18","66"
"Andhra Pradesh","Tirupati","Prachesta-1","329","116","61","42","26","21","63"
"Andhra Pradesh","Sri Potti Sriramulu
Nellore","Prachesta-1","327","113","61","43","25","20","64"
"Andhra Pradesh","Chittoor","Prachesta-1","326","115","62","42","24","19","64"
"Andhra Pradesh","YSR Kadapa","Prachesta-1","323","115","60","42","24","21","61"
"Andhra Pradesh","Dr. B.R. Ambedkar
Konaseema","Prachesta-1","323","117","60","39","24","18","64"
"Andhra Pradesh","Prakasam","Prachesta-1","322","112","60","45","23","20","62"
"Andhra Pradesh","Annamayya","Prachesta-1","320","115","60","38","24","20","63"
"Andhra Pradesh","Sri Sathyasai","Prachesta-1","319","107","62","43","24","20","64"
"Andhra Pradesh","Eluru","Prachesta-1","318","108","61","43","22","20","63"
"Andhra Pradesh","Ananthapuramu","Prachesta-1","317","105","63","43","23","22","62"
"Andhra Pradesh","Nandyal","Prachesta-1","309","103","60","40","23","21","62"
"Andhra Pradesh","Kurnool","Prachesta-1","303","99","61","40","22","21","61"
"Arunachal Pradesh","Lower Subansiri","Prachesta-2","250","106","41","33","15","14","41"
"Arunachal Pradesh","East Siang","Prachesta-3","238","112","37","29","17","11","31"
"Arunachal Pradesh","Itanagar Capital Complex","Prachesta-3","225","104","36","20","10","18","37"
"Arunachal Pradesh","Upper Siang","Prachesta-3","214","108","28","24","5","7","41"
"Arunachal Pradesh","Lower Dibang
Valley","Prachesta-3","212","94","38","24","9","11","36"
"Arunachal Pradesh","Anjaw","Prachesta-3","210","103","27","26","4","4","47"
"Arunachal Pradesh","Lepa Rada","Prachesta-3","209","93","29","22","5","13","47"
"Arunachal Pradesh","Lohit","Prachesta-3","205","93","41","28","5","9","29"
"Arunachal Pradesh","Tirap","Prachesta-3","203","89","32","27","6","10","40"
"Arunachal Pradesh","West Kameng","Prachesta-3","203","90","33","19","8","14","38"
"Arunachal Pradesh","Namsai","Prachesta-3","199","94","31","23","8","7","35"
"Arunachal Pradesh","Tawang","Prachesta-3","196","99","39","21","6","13","17"
"Arunachal Pradesh","Lower Siang","Prachesta-3","195","82","33","26","8","6","41"
"Arunachal Pradesh","East Kameng","Prachesta-3","192","81","34","28","6","9","34"
"Arunachal Pradesh","Dibang Valley","Prachesta-3","190","97","33","31","7","6","15"
"Arunachal Pradesh","Changlang","Prachesta-3","190","80","35","28","6","7","33"
"Arunachal Pradesh","Papum Pare","Prachesta-3","187","103","19","25","1","8","31"
"Arunachal Pradesh","Shi Yomi","Prachesta-3","185","84","21","21","7","4","48"
"Arunachal Pradesh","Kra Daadi","Prachesta-3","181","88","31","23","4","3","31"
"Arunachal Pradesh","Kurung Kumey","Akanshi-1","179","74","30","24","11","7","35"
"Arunachal Pradesh","West Siang","Akanshi-1","177","90","27","15","5","8","33"
"Arunachal Pradesh","Siang","Akanshi-1","166","87","23","19","10","9","19"
"Arunachal Pradesh","Pakke Kessang","Akanshi-1","164","91","27","18","4","7","18"
"Arunachal Pradesh","Kamle","Akanshi-1","162","98","25","14","3","5","17"
"Arunachal Pradesh","Upper Subansiri","Akanshi-1","161","73","25","27","6","3","27"
"Arunachal Pradesh","Longding","Akanshi-1","145","62","22","19","6","9","27"
"Assam","Sivasagar","Prachesta-1","331","146","64","36","16","8","60"
"Assam","Kamrup-Metro","Prachesta-1","329","153","58","36","14","12","56"
"Assam","Kamrup","Prachesta-1","310","128","63","36","18","3","62"
"Assam","Charaideo","Prachesta-1","310","131","62","39","17","7","55"
"Assam","Dhemaji","Prachesta-1","309","133","58","37","17","4","59"
"Assam","Goalpara","Prachesta-1","305","117","59","40","19","4","67"
"Assam","Jorhat","Prachesta-1","305","143","61","37","16","6","42"
"Assam","Bajali","Prachesta-2","299","122","60","35","15","4","63"
"Assam","Hojai","Prachesta-2","297","112","59","36","16","5","70"
"Assam","Baksa","Prachesta-2","296","126","56","33","13","4","65"
"Assam","Nalbari","Prachesta-2","295","143","54","37","12","4","46"
"Assam","Majuli","Prachesta-2","294","142","59","33","15","3","42"
"Assam","Biswanath","Prachesta-2","291","105","60","37","20","4","65"
"Assam","Sonitpur","Prachesta-2","287","111","56","37","15","5","63"
"Assam","Barpeta","Prachesta-2","284","125","52","37","10","4","56"
"Assam","Dima Hasao","Prachesta-2","281","124","55","35","14","3","51"
"Assam","Kokrajhar","Prachesta-2","279","117","54","32","11","3","62"
"Assam","Udalguri","Prachesta-2","278","114","51","37","12","3","61"
"Assam","Tinsukia","Prachesta-2","278","107","61","36","17","8","49"
"Assam","Dibrugarh","Prachesta-2","277","113","54","37","16","6","52"
"Assam","Darrang","Prachesta-2","273","105","55","37","15","4","58"
"Assam","Golaghat","Prachesta-2","273","113","60","34","15","8","42"
"Assam","Tamulpur","Prachesta-2","272","120","50","35","10","2","56"
"Assam","Nagaon","Prachesta-2","272","110","58","36","15","4","48"
"Assam","Morigaon","Prachesta-2","271","117","51","37","12","3","50"
"Assam","Bongaigaon","Prachesta-2","269","121","54","34","12","3","45"
"Assam","Lakhimpur","Prachesta-2","262","119","51","34","13","3","42"
"Assam","Cachar","Prachesta-2","261","113","51","36","14","5","42"
"Assam","Dhubri","Prachesta-2","255","113","50","34","10","3","44"
"Assam","Hailakandi","Prachesta-2","255","122","45","34","8","3","43"
"Assam","West Karbi Anglong","Prachesta-2","249","92","49","36","11","3","58"
"Assam","South Salmara- Mankachar","Prachesta-2","247","114","45","35","10","2","41"
"Assam","Karbi Anglong","Prachesta-2","247","93","52","35","11","5","51"
"Assam","Chirang","Prachesta-3","239","95","53","33","11","4","44"
"Assam","Sribhumi","Prachesta-3","235","99","47","33","13","3","41"
"Bihar","Siwan","Prachesta-3","236","116","46","22","13","5","33"
"Bihar","Nalanda","Prachesta-3","226","120","37","20","14","6","28"
"Bihar","Patna","Prachesta-3","226","128","35","19","12","9","22"
"Bihar","Jehanabad","Prachesta-3","220","113","34","23","11","6","34"
"Bihar","Sheikhpura","Prachesta-3","218","94","44","29","16","7","28"
"Bihar","Kaimur (Bhabua)","Prachesta-3","216","115","39","20","10","4","27"
"Bihar","Arwal","Prachesta-3","213","117","36","18","10","4","28"
"Bihar","Jamui","Prachesta-3","212","91","50","22","15","5","29"
"Bihar","Begusarai","Prachesta-3","211","106","36","25","9","6","30"
"Bihar","Munger","Prachesta-3","210","108","38","18","12","6","28"
"Bihar","Bhojpur","Prachesta-3","209","120","32","16","11","6","24"
"Bihar","Darbhanga","Prachesta-3","205","107","31","21","13","4","29"
"Bihar","Madhubani","Prachesta-3","205","107","35","23","11","3","26"
"Bihar","Rohtas","Prachesta-3","204","103","31","26","11","3","31"
"Bihar","Vaishali","Prachesta-3","203","102","36","20","13","5","27"
"Bihar","Muzaffarpur","Prachesta-3","200","110","29","20","11","5","25"
"Bihar","Bhagalpur","Prachesta-3","199","95","36","20","11","6","31"
"Bihar","Buxar","Prachesta-3","198","104","38","21","14","5","17"
"Bihar","Saran","Prachesta-3","198","112","31","18","8","4","25"
"Bihar","Lakhisarai","Prachesta-3","196","93","34","21","10","6","32"
"Bihar","Supaul","Prachesta-3","195","104","32","18","11","2","28"
"Bihar","Gaya","Prachesta-3","195","95","33","21","11","6","29"
"Bihar","Samastipur","Prachesta-3","195","108","30","16","10","3","27"
"Bihar","Nawada","Prachesta-3","194","96","33","20","10","5","30"
"Bihar","Banka","Prachesta-3","194","88","42","24","14","3","24"
"Bihar","Pashchim Champaran","Prachesta-3","194","93","37","24","10","5","24"
"Bihar","Khagaria","Prachesta-3","193","97","34","14","11","3","33"
"Bihar","Sheohar","Prachesta-3","193","92","40","25","8","5","21"
"Bihar","Purba Champaran","Prachesta-3","190","106","30","15","13","3","23"
"Bihar","Sitamarhi","Prachesta-3","189","103","31","18","9","4","25"
"Bihar","Gopalganj","Prachesta-3","185","110","26","15","7","3","24"
"Bihar","Saharsa","Prachesta-3","183","87","32","18","11","3","32"
"Bihar","Katihar","Prachesta-3","183","98","34","18","10","5","17"
"Bihar","Madhepura","Akanshi-1","179","93","29","15","9","3","31"
"Bihar","Purnia","Akanshi-1","178","81","33","23","11","4","26"
"Bihar","Kishanganj","Akanshi-1","170","86","30","18","11","2","25"
"Bihar","Aurangabad (Bihar)","Akanshi-1","170","96","23","13","7","2","28"
"Bihar","Araria","Akanshi-1","163","74","34","16","9","4","26"
"Chandigarh","Chandigarh","Uttam-3","411","164","77","38","22","37","73"
"Chhattisgarh","Durg","Prachesta-1","301","116","54","39","20","15","57"
"Chhattisgarh","Mahasamund","Prachesta-2","290","118","57","40","25","15","36"
"Chhattisgarh","Balod","Prachesta-2","289","107","56","42","22","11","51"
"Chhattisgarh","Surajpur","Prachesta-2","286","113","53","38","20","9","53"
"Chhattisgarh","Dhamtari","Prachesta-2","286","94","57","41","26","14","55"
"Chhattisgarh","Janjgir - Champa","Prachesta-2","281","81","57","38","26","15","64"
"Chhattisgarh","Gaurela-Pendra-
Marwahi","Prachesta-2","278","93","56","38","24","13","55"
"Chhattisgarh","Raigarh","Prachesta-2","278","110","49","38","20","10","51"
"Chhattisgarh","Mohla-Manpur-
Ambagarh Chowki","Prachesta-2","278","95","53","37","26","18","49"
"Chhattisgarh","Raipur","Prachesta-2","277","102","64","36","19","20","38"
"Chhattisgarh","North Bastar Kanker","Prachesta-2","277","98","52","38","24","8","56"
"Chhattisgarh","Rajnandgaon","Prachesta-2","277","95","54","36","22","15","55"
"Chhattisgarh","Bilaspur","Prachesta-2","273","102","55","36","17","14","48"
"Chhattisgarh","Gariaband","Prachesta-2","270","95","52","39","20","12","52"
"Chhattisgarh","Korba","Prachesta-2","266","104","50","37","16","9","50"
"Chhattisgarh","Surguja","Prachesta-2","263","97","49","37","17","9","54"
"Chhattisgarh","Dantewada","Prachesta-2","260","86","51","42","20","12","50"
"Chhattisgarh","Khairagarh- Chhuikhadan-
Gandai","Prachesta-2","257","91","54","35","24","10","43"
"Chhattisgarh","Mungeli","Prachesta-2","257","81","53","39","23","10","51"
"Chhattisgarh","Jashpur","Prachesta-2","257","88","55","40","24","9","41"
"Chhattisgarh","Kondagaon","Prachesta-2","256","79","50","42","19","10","57"
"Chhattisgarh","Manendragarh- Chirmiri-Bharatpur","Prachesta-2","256","89","49","38","22","12","47"
"Chhattisgarh","Sakti","Prachesta-2","256","74","54","32","27","13","56"
"Chhattisgarh","Balodabazar-
Bhatapara","Prachesta-2","252","84","52","35","17","10","54"
"Chhattisgarh","Baster","Prachesta-2","249","80","50","37","20","8","54"
"Chhattisgarh","Balrampur-
Ramanujganj","Prachesta-2","249","94","52","38","22","9","34"
"Chhattisgarh","Kabirdham","Prachesta-2","246","80","54","38","20","14","40"
"Chhattisgarh","Bijapur","Prachesta-2","246","71","54","43","27","12","39"
"Chhattisgarh","Korea","Prachesta-2","244","74","53","37","21","8","50"
"Chhattisgarh","Bemetara","Prachesta-2","241","77","51","37","19","11","46"
"Chhattisgarh","Sarangarh-
Bilaigarh","Prachesta-3","238","88","47","35","20","8","40"
"Chhattisgarh","Narayanpur","Prachesta-3","216","66","48","34","14","4","49"
"Chhattisgarh","Sukma","Prachesta-3","213","64","41","42","18","3","44"
"Dadra & Nagar Haveli and Daman & Diu","Diu (Dist)","Prachesta-1","328","106","76","32","24","36","55"
"Dadra & Nagar Haveli and Daman & Diu","Dadra And Nagar Haveli (Dist)","Prachesta-1","322","105","59","38","24","32","63"
"Dadra & Nagar Haveli and Daman & Diu","Daman (Dist)","Prachesta-2","299","110","58","33","18","32","48"
"Delhi","South West A","Uttam-3","365","128","72","39","26","33","66"
"Delhi","New Delhi","Uttam-3","363","131","75","36","27","33","61"
"Delhi","North West B","Prachesta-1","360","125","72","40","27","30","65"
"Delhi","South","Prachesta-1","359","128","68","41","26","31","65"
"Delhi","South West B","Prachesta-1","352","120","69","40","24","32","67"
"Delhi","East","Prachesta-1","344","122","67","38","24","30","63"
"Delhi","North West A","Prachesta-1","343","114","70","41","26","29","63"
"Delhi","West B","Prachesta-1","338","116","66","39","23","30","64"
"Delhi","West A","Prachesta-1","336","109","69","39","27","30","62"
"Delhi","South East","Prachesta-1","332","110","65","40","24","29","64"
"Delhi","North","Prachesta-1","331","118","65","37","25","27","59"
"Delhi","Central","Prachesta-1","327","116","64","36","24","27","60"
"Delhi","North East","Prachesta-1","307","93","62","38","23","27","63"
"Goa","South Goa","Prachesta-1","311","132","59","37","14","26","43"
"Goa","North Goa","Prachesta-2","300","117","62","35","14","28","44"
"Gujarat","Narmada","Uttam-3","361","141","60","37","26","25","71"
"Gujarat","Mahesana","Prachesta-1","350","124","61","39","22","33","71"
"Gujarat","Chhotaudepur","Prachesta-1","343","137","53","37","21","27","68"
"Gujarat","Vadodara","Prachesta-1","343","128","59","37","19","30","71"
"Gujarat","Junagadh","Prachesta-1","338","125","58","36","20","27","72"
"Gujarat","Sabar Kantha","Prachesta-1","337","118","59","38","21","29","72"
"Gujarat","Surat","Prachesta-1","337","126","58","33","20","31","69"
"Gujarat","Aravalli","Prachesta-1","335","123","58","37","22","27","69"
"Gujarat","Gandhinagar","Prachesta-1","335","127","56","37","19","31","66"
"Gujarat","Mahisagar","Prachesta-1","333","123","55","35","22","26","71"
"Gujarat","Panch Mahals","Prachesta-1","331","123","56","35","22","28","67"
"Gujarat","Navsari","Prachesta-1","331","115","59","37","20","30","70"
"Gujarat","Anand","Prachesta-1","330","108","59","39","21","30","72"
"Gujarat","Valsad","Prachesta-1","328","118","57","36","20","27","70"
"Gujarat","Bharuch","Prachesta-1","327","117","56","37","20","28","69"
"Gujarat","Ahmedabad","Prachesta-1","327","126","55","35","17","28","66"
"Gujarat","Botad","Prachesta-1","326","107","63","36","19","33","69"
"Gujarat","Bhavnagar","Prachesta-1","325","108","59","36","20","32","71"
"Gujarat","Kheda","Prachesta-1","325","106","58","38","19","32","72"
"Gujarat","Rajkot","Prachesta-1","325","116","59","35","19","30","67"
"Gujarat","Gir Somnath","Prachesta-1","325","108","61","35","21","27","73"
"Gujarat","Patan","Prachesta-1","320","97","60","39","22","30","72"
"Gujarat","Tapi","Prachesta-1","319","107","57","37","24","25","70"
"Gujarat","Amreli","Prachesta-1","319","97","61","37","21","32","70"
"Gujarat","Surendranagar","Prachesta-1","319","100","61","35","21","32","70"
"Gujarat","Morbi","Prachesta-1","318","105","61","34","18","30","71"
"Gujarat","Banas Kantha","Prachesta-1","318","104","56","36","21","30","70"
"Gujarat","Porbandar","Prachesta-1","316","102","58","34","20","28","73"
"Gujarat","Dang","Prachesta-1","314","110","55","37","22","23","67"
"Gujarat","Devbhumi Dwarka","Prachesta-1","314","103","58","35","20","29","68"
"Gujarat","Jamnagar","Prachesta-1","311","109","56","31","19","29","67"
"Gujarat","Dohad","Prachesta-1","310","110","52","33","21","27","67"
"Gujarat","Kachchh","Prachesta-1","306","97","57","33","19","31","69"
"Haryana","Gurugram","Prachesta-1","346","153","57","27","16","25","68"
"Haryana","Rewari","Prachesta-1","338","151","57","26","17","16","70"
"Haryana","Rohtak","Prachesta-1","334","135","59","29","17","23","71"
"Haryana","Jhajjar","Prachesta-1","331","147","55","29","14","21","64"
"Haryana","Mahendragarh","Prachesta-1","327","156","54","24","15","15","63"
"Haryana","Faridabad","Prachesta-1","326","130","60","27","14","26","69"
"Haryana","Panchkula","Prachesta-1","326","135","55","32","18","18","70"
"Haryana","Bhiwani","Prachesta-1","322","129","60","28","19","16","69"
"Haryana","Sonipat","Prachesta-1","322","139","57","28","16","20","63"
"Haryana","Kurukshetra","Prachesta-1","318","130","62","27","16","16","68"
"Haryana","Charkhi Dadri","Prachesta-1","316","127","63","25","18","17","66"
"Haryana","Panipat","Prachesta-1","316","129","57","29","14","21","66"
"Haryana","Jind","Prachesta-1","315","126","61","27","16","18","67"
"Haryana","Yamunanagar","Prachesta-1","313","134","58","27","16","13","65"
"Haryana","Karnal","Prachesta-1","311","119","61","27","18","17","69"
"Haryana","Hisar","Prachesta-1","310","129","57","26","15","20","63"
"Haryana","Kaithal","Prachesta-1","308","117","57","28","17","19","68"
"Haryana","Fatehabad","Prachesta-2","300","119","59","27","14","18","63"
"Haryana","Ambala","Prachesta-2","290","119","58","26","14","17","56"
"Haryana","Sirsa","Prachesta-2","284","111","61","24","15","18","55"
"Haryana","Palwal","Prachesta-2","276","113","54","21","14","15","59"
"Haryana","Nuh","Prachesta-2","264","90","53","26","22","11","62"
"Himachal Pradesh","Kangra","Prachesta-1","303","133","55","38","16","13","49"
"Himachal Pradesh","Hamirpur (H.P.)","Prachesta-2","299","122","61","38","17","15","47"
"Himachal Pradesh","Solan","Prachesta-2","297","127","55","36","16","14","49"
"Himachal Pradesh","Bilaspur (H.P.)","Prachesta-2","291","122","57","37","15","12","49"
"Himachal Pradesh","Shimla","Prachesta-2","291","124","54","35","14","12","51"
"Himachal Pradesh","Una","Prachesta-2","290","116","59","34","17","15","48"
"Himachal Pradesh","Mandi","Prachesta-2","284","121","54","35","14","11","49"
"Himachal Pradesh","Kinnaur","Prachesta-2","269","105","58","33","16","19","39"
"Himachal Pradesh","Kullu","Prachesta-2","268","110","56","29","14","12","47"
"Himachal Pradesh","Sirmaur","Prachesta-2","266","110","51","35","14","10","46"
"Himachal Pradesh","Chamba","Prachesta-2","252","104","53","32","13","10","40"
"Himachal Pradesh","Lahul & Spiti","Prachesta-2","242","108","50","32","14","12","26"
"Jammu & Kashmir","Srinagar","Prachesta-1","329","164","62","24","11","16","52"
"Jammu & Kashmir","Anantnag","Prachesta-1","326","160","63","26","12","10","55"
"Jammu & Kashmir","Pulwama","Prachesta-1","321","151","65","25","12","9","59"
"Jammu & Kashmir","Jammu","Prachesta-1","318","155","58","29","10","14","52"
"Jammu & Kashmir","Shopian","Prachesta-1","308","141","65","23","12","14","54"
"Jammu & Kashmir","Badgam","Prachesta-2","298","135","61","28","9","10","55"
"Jammu & Kashmir","Samba","Prachesta-2","292","129","59","31","12","13","50"
"Jammu & Kashmir","Bandipora","Prachesta-2","284","127","62","25","10","11","50"
"Jammu & Kashmir","Kulgam","Prachesta-2","280","122","61","27","8","10","52"
"Jammu & Kashmir","Baramulla","Prachesta-2","279","127","60","24","9","9","50"
"Jammu & Kashmir","Ganderbal","Prachesta-2","274","123","59","26","10","10","47"
"Jammu & Kashmir","Kathua","Prachesta-2","273","122","53","29","7","8","54"
"Jammu & Kashmir","Kupwara","Prachesta-2","262","117","59","27","9","8","41"
"Jammu & Kashmir","Punch","Prachesta-2","253","110","54","25","8","7","51"
"Jammu & Kashmir","Udhampur","Prachesta-2","250","122","50","25","6","7","40"
"Jammu & Kashmir","Kishtwar","Prachesta-2","241","109","58","17","3","5","50"
"Jammu & Kashmir","Doda","Prachesta-3","236","104","49","21","6","6","50"
"Jammu & Kashmir","Rajouri","Prachesta-3","229","92","50","26","7","6","47"
"Jammu & Kashmir","Ramban","Prachesta-3","225","88","53","18","11","6","49"
"Jammu & Kashmir","Reasi","Prachesta-3","212","86","52","22","6","6","40"
"Jharkhand","Purbi Singhbhum","Prachesta-2","287","123","56","33","9","12","53"
"Jharkhand","Bokaro","Prachesta-2","276","123","52","34","9","10","48"
"Jharkhand","Ramgarh","Prachesta-2","269","104","55","32","12","12","54"
"Jharkhand","Ranchi","Prachesta-2","264","113","48","32","8","11","52"
"Jharkhand","Deoghar","Prachesta-2","260","109","55","30","11","7","47"
"Jharkhand","Giridih","Prachesta-2","258","111","50","29","15","5","47"
"Jharkhand","Saraikela- Kharsawan","Prachesta-2","253","106","50","32","12","7","45"
"Jharkhand","Dhanbad","Prachesta-2","250","109","48","32","6","9","47"
"Jharkhand","Hazaribag","Prachesta-2","246","117","48","25","9","10","37"
"Jharkhand","Kodarma","Prachesta-2","246","103","51","33","10","8","41"
"Jharkhand","Lohardaga","Prachesta-2","242","96","57","32","10","9","38"
"Jharkhand","Simdega","Prachesta-3","235","94","54","28","9","7","43"
"Jharkhand","Pakur","Prachesta-3","233","95","49","33","9","7","40"
"Jharkhand","Pashchimi Singhbhum","Prachesta-3","231","85","53","32","9","7","46"
"Jharkhand","Khunti","Prachesta-3","229","88","52","32","9","6","42"
"Jharkhand","Palamu","Prachesta-3","226","91","46","29","11","6","44"
"Jharkhand","Chatra","Prachesta-3","224","88","49","32","10","6","40"
"Jharkhand","Garhwa","Prachesta-3","223","103","38","34","6","5","36"
"Jharkhand","Godda","Prachesta-3","218","92","42","30","7","5","41"
"Jharkhand","Dumka","Prachesta-3","216","93","44","30","6","4","40"
"Jharkhand","Jamtara","Prachesta-3","216","82","49","31","9","6","40"
"Jharkhand","Latehar","Prachesta-3","207","83","49","29","9","7","30"
"Jharkhand","Gumla","Prachesta-3","205","77","45","31","7","5","41"
"Jharkhand","Sahibganj","Prachesta-3","203","75","44","29","8","5","41"
"Karnataka","Dakshina Kannada","Prachesta-1","330","134","53","33","17","23","70"
"Karnataka","Udupi","Prachesta-1","321","123","55","38","18","21","66"
"Karnataka","Hassan","Prachesta-1","312","142","47","33","17","10","62"
"Karnataka","Belagavi Chikkodi","Prachesta-1","300","152","47","31","15","13","41"
"Karnataka","Kodagu","Prachesta-2","296","123","52","34","18","17","51"
"Karnataka","Bengaluru Urban
South","Prachesta-2","292","128","50","30","15","26","42"
"Karnataka","Bengaluru Urban North","Prachesta-2","287","124","50","29","15","24","45"
"Karnataka","Uttara Kannada","Prachesta-2","287","137","43","32","14","11","50"
"Karnataka","Mandya","Prachesta-2","287","128","48","33","18","13","46"
"Karnataka","Bengaluru Rural","Prachesta-2","284","125","46","35","16","14","48"
"Karnataka","Mysuru","Prachesta-2","283","110","50","33","18","20","51"
"Karnataka","Tumakuru","Prachesta-2","280","136","41","34","15","11","43"
"Karnataka","Bagalkote","Prachesta-2","277","133","46","31","14","15","39"
"Karnataka","Koppal","Prachesta-2","277","143","44","31","12","11","36"
"Karnataka","Uttara Kannada Sirsi","Prachesta-2","276","138","44","32","13","9","40"
"Karnataka","Gadag","Prachesta-2","275","112","49","33","16","18","47"
"Karnataka","Chikkamangaluru","Prachesta-2","274","126","46","33","15","12","43"
"Karnataka","Chitradurga","Prachesta-2","273","128","44","34","14","13","40"
"Karnataka","Ballari","Prachesta-2","271","128","45","31","15","15","37"
"Karnataka","Dharwad","Prachesta-2","271","124","48","30","13","15","41"
"Karnataka","Ramanagara","Prachesta-2","268","112","45","34","17","13","47"
"Karnataka","Davanagere","Prachesta-2","265","116","48","33","14","12","42"
"Karnataka","Shivamogga","Prachesta-2","263","108","47","33","17","14","44"
"Karnataka","Tumakuru
Madhugiri","Prachesta-2","263","121","43","32","12","10","46"
"Karnataka","Raichur","Prachesta-2","259","124","44","31","12","10","38"
"Karnataka","Chamarajanagar","Prachesta-2","258","117","43","33","11","13","42"
"Karnataka","Kolar","Prachesta-2","257","116","42","31","14","10","45"
"Karnataka","Vijayanagara","Prachesta-2","255","122","42","31","12","10","37"
"Karnataka","Haveri","Prachesta-2","247","107","44","32","13","12","39"
"Karnataka","Belagavi","Prachesta-2","247","105","46","32","14","12","39"
"Karnataka","Vijayapura","Prachesta-2","246","113","43","27","12","11","40"
"Karnataka","Chikkaballapura","Prachesta-2","244","108","41","32","12","9","41"
"Karnataka","Yadgiri","Prachesta-3","239","106","42","30","16","9","37"
"Karnataka","Bidar","Prachesta-3","234","111","37","28","10","9","40"
"Karnataka","Kalaburagi","Prachesta-3","231","106","39","29","10","10","37"
"Kerala","Kollam","Uttam-3","403","153","70","44","27","36","73"
"Kerala","Ernakulam","Uttam-3","401","167","65","42","20","36","70"
"Kerala","Thiruvananthapuram","Uttam-3","399","151","67","44","26","37","72"
"Kerala","Thrissur","Uttam-3","391","146","67","43","22","39","74"
"Kerala","Kottayam","Uttam-3","385","148","66","42","23","36","71"
"Kerala","Malappuram","Uttam-3","373","134","66","43","25","37","67"
"Kerala","Kannur","Uttam-3","372","136","66","42","22","36","71"
"Kerala","Alappuzha","Uttam-3","372","141","67","42","22","34","66"
"Kerala","Idukki","Uttam-3","369","133","67","41","25","35","69"
"Kerala","Pathanamthitta","Uttam-3","360","130","65","42","20","31","72"
"Kerala","Kozhikode","Prachesta-1","356","120","63","43","24","36","71"
"Kerala","Kasaragod","Prachesta-1","356","118","66","42","20","36","73"
"Kerala","Palakkad","Prachesta-1","352","125","61","42","23","37","65"
"Kerala","Wayanad","Prachesta-1","350","110","67","43","23","36","70"
"Ladakh","Leh (Ladakh)","Prachesta-2","287","128","58","28","10","15","48"
"Ladakh","Kargil","Prachesta-2","244","114","47","25","6","9","42"
"Lakshadweep","Lakshadweep","Prachesta-1","309","114","66","35","19","32","43"
"Madhya Pradesh","Damoh","Prachesta-1","303","168","44","28","13","7","42"
"Madhya Pradesh","Bhind","Prachesta-1","302","166","43","26","12","9","47"
"Madhya Pradesh","Raisen","Prachesta-1","302","156","44","28","11","9","52"
"Madhya Pradesh","Narsimhapur","Prachesta-2","300","148","45","30","12","10","55"
"Madhya Pradesh","Panna","Prachesta-2","293","165","38","31","11","6","43"
"Madhya Pradesh","Sagar","Prachesta-2","289","143","47","29","13","10","47"
"Madhya Pradesh","Bhopal","Prachesta-2","286","135","45","26","10","17","53"
"Madhya Pradesh","Chhatarpur","Prachesta-2","283","154","42","27","11","8","40"
"Madhya Pradesh","Sidhi","Prachesta-2","281","153","38","25","10","7","47"
"Madhya Pradesh","Chhindwara","Prachesta-2","280","124","47","30","13","10","56"
"Madhya Pradesh","Indore","Prachesta-2","278","123","43","29","10","18","54"
"Madhya Pradesh","Shahdol","Prachesta-2","277","133","45","32","12","7","49"
"Madhya Pradesh","Betul","Prachesta-2","276","117","48","32","16","10","54"
"Madhya Pradesh","Gwalior","Prachesta-2","275","127","44","28","11","14","51"
"Madhya Pradesh","Vidisha","Prachesta-2","273","122","46","29","15","11","51"
"Madhya Pradesh","Sehore","Prachesta-2","271","126","44","30","11","14","46"
"Madhya Pradesh","Hoshangabad","Prachesta-2","270","121","45","30","10","11","52"
"Madhya Pradesh","Datia","Prachesta-2","268","118","45","29","12","7","58"
"Madhya Pradesh","Jabalpur","Prachesta-2","267","122","43","29","10","11","53"
"Madhya Pradesh","Rajgarh","Prachesta-2","265","114","46","29","13","11","53"
"Madhya Pradesh","Balaghat","Prachesta-2","265","120","41","31","11","7","54"
"Madhya Pradesh","Tikamgarh","Prachesta-2","258","143","36","25","8","5","40"
"Madhya Pradesh","Neemuch","Prachesta-2","258","94","50","32","15","13","54"
"Madhya Pradesh","Ashoknagar","Prachesta-2","257","101","45","29","15","10","57"
"Madhya Pradesh","Guna","Prachesta-2","256","125","39","31","8","8","46"
"Madhya Pradesh","Satna","Prachesta-2","255","115","45","24","13","8","51"
"Madhya Pradesh","Dewas","Prachesta-2","255","112","41","31","10","10","50"
"Madhya Pradesh","Ujjain","Prachesta-2","254","116","41","30","9","10","47"
"Madhya Pradesh","Khandwa","Prachesta-2","253","116","45","28","11","8","45"
"Madhya Pradesh","Shajapur","Prachesta-2","253","106","41","30","11","10","53"
"Madhya Pradesh","Seoni","Prachesta-2","250","100","43","31","12","12","53"
"Madhya Pradesh","Niwari","Prachesta-2","250","147","33","26","7","3","34"
"Madhya Pradesh","Morena","Prachesta-2","249","126","41","27","10","6","39"
"Madhya Pradesh","Mandsaur","Prachesta-2","249","104","45","30","10","9","49"
"Madhya Pradesh","Dhar","Prachesta-2","245","107","42","31","12","8","45"
"Madhya Pradesh","Dindori","Prachesta-2","245","111","39","31","10","7","46"
"Madhya Pradesh","Sheopur","Prachesta-2","244","123","38","29","11","5","38"
"Madhya Pradesh","Harda","Prachesta-2","242","96","44","30","14","11","47"
"Madhya Pradesh","Katni","Prachesta-2","242","116","39","27","9","7","42"
"Madhya Pradesh","Mandla","Prachesta-2","241","108","40","27","9","6","50"
"Madhya Pradesh","Agar Malwa","Prachesta-3","240","107","40","28","10","7","48"
"Madhya Pradesh","Ratlam","Prachesta-3","235","94","43","27","11","9","51"
"Madhya Pradesh","Burhanpur","Prachesta-3","234","98","40","30","9","9","47"
"Madhya Pradesh","Umaria","Prachesta-3","233","100","40","28","10","7","48"
"Madhya Pradesh","Shivpuri","Prachesta-3","230","110","38","26","9","5","42"
"Madhya Pradesh","Rewa","Prachesta-3","230","107","38","27","10","7","42"
"Madhya Pradesh","Khargone","Prachesta-3","229","97","41","29","10","7","44"
"Madhya Pradesh","Singrauli","Prachesta-3","228","105","35","26","8","8","46"
"Madhya Pradesh","Anuppur","Prachesta-3","227","99","39","27","9","6","48"
"Madhya Pradesh","Barwani","Prachesta-3","214","93","35","29","8","6","42"
"Madhya Pradesh","Alirajpur","Prachesta-3","199","78","38","29","9","5","40"
"Madhya Pradesh","Jhabua","Prachesta-3","181","68","33","28","8","6","38"
"Maharashtra","Satara","Prachesta-1","322","135","52","37","19","30","49"
"Maharashtra","Solapur","Prachesta-1","319","144","50","37","16","29","42"
"Maharashtra","Washim","Prachesta-1","314","132","50","34","20","28","51"
"Maharashtra","Kolhapur","Prachesta-1","314","145","48","36","18","27","40"
"Maharashtra","Ahilyanagar","Prachesta-1","313","138","48","39","15","29","44"
"Maharashtra","Mumbai Ii","Prachesta-1","310","142","47","19","14","33","55"
"Maharashtra","Nashik","Prachesta-1","309","128","51","35","18","28","48"
"Maharashtra","Pune","Prachesta-1","308","135","49","37","17","30","41"
"Maharashtra","Sangli","Prachesta-1","306","127","53","38","18","33","36"
"Maharashtra","Mumbai
(Suburban)","Prachesta-1","303","95","57","35","20","32","64"
"Maharashtra","Jalgaon","Prachesta-1","303","119","52","38","17","30","46"
"Maharashtra","Wardha","Prachesta-1","301","117","51","39","16","27","52"
"Maharashtra","Thane","Prachesta-1","300","122","51","32","16","31","48"
"Maharashtra","Sindhudurg","Prachesta-2","298","143","47","34","13","24","38"
"Maharashtra","Raigarh (Maharashtra)","Prachesta-2","296","138","45","35","14","23","41"
"Maharashtra","Amravati","Prachesta-2","296","113","54","36","19","27","47"
"Maharashtra","Nagpur","Prachesta-2","293","123","49","35","16","27","42"
"Maharashtra","Dharashiv","Prachesta-2","293","122","52","34","15","28","42"
"Maharashtra","Gondia","Prachesta-2","287","116","44","39","12","23","53"
"Maharashtra","Ratnagiri","Prachesta-2","281","128","45","32","12","24","41"
"Maharashtra","Dhule","Prachesta-2","279","115","48","37","13","24","42"
"Maharashtra","Chhatrapati
Sambhajinagar","Prachesta-2","275","126","41","34","12","24","38"
"Maharashtra","Latur","Prachesta-2","274","124","40","35","14","21","41"
"Maharashtra","Buldhana","Prachesta-2","273","118","43","33","14","23","42"
"Maharashtra","Jalna","Prachesta-2","273","113","46","34","15","24","41"
"Maharashtra","Yavatmal","Prachesta-2","273","104","52","29","16","24","47"
"Maharashtra","Beed","Prachesta-2","271","115","44","35","12","24","42"
"Maharashtra","Chandrapur","Prachesta-2","270","113","43","36","12","25","41"
"Maharashtra","Palghar","Prachesta-2","270","111","46","35","14","24","39"
"Maharashtra","Akola","Prachesta-2","265","117","43","29","12","24","39"
"Maharashtra","Nanded","Prachesta-2","265","117","42","29","14","23","40"
"Maharashtra","Nandurbar","Prachesta-2","264","116","44","35","14","21","35"
"Maharashtra","Bhandara","Prachesta-2","264","105","47","37","16","22","37"
"Maharashtra","Hingoli","Prachesta-2","263","120","41","29","13","23","37"
"Maharashtra","Parbhani","Prachesta-2","260","110","40","29","12","22","47"
"Maharashtra","Gadchiroli","Prachesta-2","259","96","46","39","17","20","42"
"Manipur","Imphal West","Prachesta-2","291","146","44","36","11","13","41"
"Manipur","Kakching","Prachesta-2","258","116","40","35","13","11","43"
"Manipur","Senapati","Prachesta-2","256","118","36","31","16","8","46"
"Manipur","Imphal East","Prachesta-2","250","121","35","35","8","10","41"
"Manipur","Bishnupur","Prachesta-2","247","116","45","33","7","9","38"
"Manipur","Thoubal","Prachesta-2","246","129","32","32","6","8","38"
"Manipur","Kangpokpi","Prachesta-3","236","120","28","30","8","6","44"
"Manipur","Kamjong","Prachesta-3","229","116","29","36","8","2","39"
"Manipur","Chandel","Prachesta-3","227","110","36","28","10","5","38"
"Manipur","Churachandpur","Prachesta-3","223","113","29","26","8","6","41"
"Manipur","Tamenglong","Prachesta-3","212","102","30","26","11","4","38"
"Manipur","Ukhrul","Prachesta-3","207","107","21","29","6","9","36"
"Manipur","Tengnoupal","Prachesta-3","206","104","24","26","7","4","40"
"Manipur","Jiribam","Prachesta-3","195","95","29","34","8","4","25"
"Manipur","Pherzawl","Prachesta-3","194","106","24","19","8","3","34"
"Manipur","Noney","Akanshi-1","173","89","21","21","7","5","29"
"Meghalaya","East Khasi Hills","Prachesta-3","212","110","35","21","4","7","35"
"Meghalaya","East Jaintia Hills","Prachesta-3","180","86","23","22","4","3","41"
"Meghalaya","Eastern West Khasi Hills","Prachesta-3","180","100","29","12","3","3","34"
"Meghalaya","Ri Bhoi","Akanshi-1","180","81","32","19","6","3","39"
"Meghalaya","East Garo Hills","Akanshi-1","170","73","30","18","4","3","43"
"Meghalaya","West Khasi Hills","Akanshi-1","169","82","30","15","3","2","37"
"Meghalaya","West Jaintia Hills","Akanshi-1","168","82","28","17","2","2","36"
"Meghalaya","South Garo Hills","Akanshi-1","168","81","27","19","3","2","36"
"Meghalaya","West Garo Hills","Akanshi-1","167","82","25","17","2","3","39"
"Meghalaya","South West Khasi Hills","Akanshi-1","166","83","28","12","3","2","39"
"Meghalaya","South West Garo Hills","Akanshi-1","162","81","20","12","2","2","44"
"Meghalaya","North Garo Hills","Akanshi-1","155","66","25","19","1","3","41"
"Mizoram","Aizawl","Prachesta-2","243","112","45","34","7","9","36"
"Mizoram","Kolasib","Prachesta-2","242","90","60","42","8","8","34"
"Mizoram","Saitual","Prachesta-3","238","106","51","35","11","8","26"
"Mizoram","Serchhip","Prachesta-3","235","114","46","30","7","5","33"
"Mizoram","Mamit","Prachesta-3","229","99","52","35","10","5","30"
"Mizoram","Champhai","Prachesta-3","229","96","49","31","12","7","34"
"Mizoram","Siaha","Prachesta-3","220","105","43","37","9","4","22"
"Mizoram","Khawzawl","Prachesta-3","216","96","48","35","8","4","25"
"Mizoram","Lawngtlai","Prachesta-3","207","99","40","35","4","2","28"
"Mizoram","Hnahthial","Prachesta-3","195","94","42","29","7","5","18"
"Mizoram","Lunglei","Prachesta-3","193","80","40","37","4","4","27"
"Nagaland","Kohima","Prachesta-2","287","138","51","27","6","17","48"
"Nagaland","Mokokchung","Prachesta-2","270","129","48","27","6","15","46"
"Nagaland","Dimapur","Prachesta-2","258","117","50","23","5","17","45"
"Nagaland","Phek","Prachesta-2","245","108","45","31","3","12","46"
"Nagaland","Wokha","Prachesta-2","242","107","45","31","5","11","44"
"Nagaland","Longleng","Prachesta-3","234","98","44","28","7","8","49"
"Nagaland","Zunheboto","Prachesta-3","229","117","39","24","5","10","36"
"Nagaland","Peren","Prachesta-3","227","96","49","23","6","11","43"
"Nagaland","Tuensang","Prachesta-3","217","101","42","21","3","10","40"
"Nagaland","Mon","Prachesta-3","208","86","39","23","4","11","45"
"Nagaland","Kiphire","Prachesta-3","197","87","41","20","4","9","38"
"Odisha","Jharsuguda","Prachesta-1","338","118","64","41","25","23","67"
"Odisha","Jagatsinghpur","Prachesta-1","334","136","55","38","21","17","67"
"Odisha","Nuapada","Prachesta-1","334","136","59","36","27","16","59"
"Odisha","Khordha","Prachesta-1","329","143","53","37","21","17","57"
"Odisha","Angul","Prachesta-1","325","136","56","39","22","15","58"
"Odisha","Cuttack","Prachesta-1","323","138","54","36","21","14","60"
"Odisha","Sambalpur","Prachesta-1","315","110","59","37","26","24","59"
"Odisha","Ganjam","Prachesta-1","309","117","59","38","22","16","57"
"Odisha","Sundargarh","Prachesta-1","308","116","55","37","24","16","60"
"Odisha","Nayagarh","Prachesta-1","305","122","56","36","21","14","55"
"Odisha","Dhenkanal","Prachesta-1","303","118","54","37","23","14","57"
"Odisha","Koraput","Prachesta-1","302","97","61","37","24","14","69"
"Odisha","Bargarh","Prachesta-2","300","114","53","37","21","16","58"
"Odisha","Kendrapara","Prachesta-2","299","120","54","35","22","12","56"
"Odisha","Bhadrak","Prachesta-2","297","110","54","37","22","13","61"
"Odisha","Puri","Prachesta-2","291","116","49","37","16","15","58"
"Odisha","Balangir","Prachesta-2","290","98","55","36","20","17","65"
"Odisha","Balasore","Prachesta-2","290","111","52","38","20","13","56"
"Odisha","Kalahandi","Prachesta-2","286","123","51","34","20","10","48"
"Odisha","Sonepur","Prachesta-2","284","109","50","34","17","20","53"
"Odisha","Boudh","Prachesta-2","281","93","60","36","23","12","58"
"Odisha","Kendujhar","Prachesta-2","281","94","54","36","22","15","61"
"Odisha","Gajapati","Prachesta-2","280","95","51","36","20","16","62"
"Odisha","Jajpur","Prachesta-2","279","112","49","36","17","12","53"
"Odisha","Deogarh","Prachesta-2","277","103","55","37","23","12","48"
"Odisha","Kandhamal","Prachesta-2","275","81","53","41","23","18","60"
"Odisha","Nabarangpur","Prachesta-2","271","93","51","35","23","12","57"
"Odisha","Malkangiri","Prachesta-2","252","80","52","36","22","11","50"
"Odisha","Mayurbhanj","Prachesta-2","250","74","52","37","20","13","54"
"Odisha","Rayagada","Prachesta-3","238","72","49","36","22","11","47"
"Puducherry","Puducherry","Prachesta-1","344","142","66","37","21","32","46"
"Puducherry","Mahe","Prachesta-1","335","131","68","38","19","35","44"
"Puducherry","Yanam","Prachesta-1","314","122","65","37","16","32","42"
"Puducherry","Karaikal","Prachesta-1","305","111","64","35","19","32","44"
"Punjab","Sri Muktsar Sahib","Uttam-3","412","182","69","36","19","35","71"
"Punjab","Barnala","Uttam-3","407","193","69","38","17","32","58"
"Punjab","Moga","Uttam-3","389","172","69","37","19","33","59"
"Punjab","Bathinda","Uttam-3","385","179","65","36","15","32","58"
"Punjab","Firozpur","Uttam-3","384","187","65","35","13","30","53"
"Punjab","Pathankot","Uttam-3","382","159","65","35","18","36","70"
"Punjab","Shahid Bhagat
Singh Nagar","Uttam-3","380","158","69","37","17","36","64"
"Punjab","Patiala","Uttam-3","376","182","62","34","14","31","53"
"Punjab","Faridkot","Uttam-3","375","171","66","34","19","32","53"
"Punjab","Ludhiana","Uttam-3","374","163","66","34","15","33","64"
"Punjab","Taran Taran","Uttam-3","373","179","65","35","16","30","48"
"Punjab","Amritsar","Uttam-3","370","176","63","34","15","31","51"
"Punjab","Mansa","Uttam-3","370","175","66","34","17","31","47"
"Punjab","Jalandhar","Uttam-3","367","153","63","33","16","33","68"
"Punjab","Hoshiarpur","Uttam-3","364","165","66","34","17","31","50"
"Punjab","Fatehgarh Sahib","Uttam-3","364","160","65","37","17","31","53"
"Punjab","Fazilka","Uttam-3","364","155","67","34","19","30","59"
"Punjab","Malerkotla","Uttam-3","364","164","64","32","16","35","51"
"Punjab","Sangrur","Uttam-3","361","164","65","34","16","33","50"
"Punjab","SAS Nagar","Prachesta-1","358","163","65","32","16","31","52"
"Punjab","Rupnagar","Prachesta-1","351","161","63","33","15","30","48"
"Punjab","Gurdaspur","Prachesta-1","347","157","63","32","15","30","49"
"Punjab","Kapurthala","Prachesta-1","344","151","65","32","15","33","48"
"Rajasthan","Dhaulpur","Prachesta-1","348","196","46","30","16","12","47"
"Rajasthan","Nagaur","Prachesta-1","332","173","49","31","15","15","49"
"Rajasthan","Jhunjhunu","Prachesta-1","329","164","50","31","15","17","53"
"Rajasthan","Ajmer","Prachesta-1","319","156","52","30","14","17","49"
"Rajasthan","Churu","Prachesta-1","318","156","51","31","15","17","48"
"Rajasthan","Sikar","Prachesta-1","316","157","48","30","15","16","50"
"Rajasthan","Bundi","Prachesta-1","314","162","49","32","12","13","46"
"Rajasthan","Jaipur","Prachesta-1","313","155","48","30","13","17","50"
"Rajasthan","Dausa","Prachesta-1","313","163","46","30","13","10","50"
"Rajasthan","Bhilwara","Prachesta-1","305","145","51","31","16","14","48"
"Rajasthan","Chittaurgarh","Prachesta-1","305","145","52","30","14","15","49"
"Rajasthan","Alwar","Prachesta-1","305","155","46","30","13","14","47"
"Rajasthan","Ganganagar","Prachesta-1","304","142","50","33","14","16","49"
"Rajasthan","Rajsamand","Prachesta-1","304","144","52","30","15","15","47"
"Rajasthan","Pali","Prachesta-1","303","147","49","30","15","16","47"
"Rajasthan","Jhalawar","Prachesta-2","299","144","50","32","14","12","48"
"Rajasthan","Tonk","Prachesta-2","299","146","48","29","12","11","52"
"Rajasthan","Kota","Prachesta-2","297","145","47","28","12","16","49"
"Rajasthan","Bikaner","Prachesta-2","296","147","47","27","13","15","47"
"Rajasthan","Hanumangarh","Prachesta-2","294","129","52","31","14","19","50"
"Rajasthan","Karauli","Prachesta-2","294","150","45","27","12","11","49"
"Rajasthan","Bharatpur","Prachesta-2","294","150","46","29","12","10","46"
"Rajasthan","Barmer","Prachesta-2","291","145","49","28","15","12","42"
"Rajasthan","Pratapgarh (Raj.)","Prachesta-2","290","151","45","29","15","11","40"
"Rajasthan","Sirohi","Prachesta-2","289","138","49","30","12","14","45"
"Rajasthan","Jodhpur","Prachesta-2","286","136","48","27","13","16","46"
"Rajasthan","Baran","Prachesta-2","275","141","41","29","13","9","43"
"Rajasthan","Jalor","Prachesta-2","271","123","47","29","15","14","43"
"Rajasthan","Sawai Madhopur","Prachesta-2","269","126","44","29","11","11","48"
"Rajasthan","Udaipur","Prachesta-2","262","121","44","29","12","13","42"
"Rajasthan","Dungarpur","Prachesta-2","260","119","45","29","13","12","43"
"Rajasthan","Banswara","Prachesta-2","259","130","40","27","11","10","41"
"Rajasthan","Jaisalmer","Prachesta-2","255","113","47","27","14","13","41"
"Sikkim","Pakyong","Prachesta-2","289","112","62","36","17","22","41"
"Sikkim","Soreng","Prachesta-2","289","109","55","37","15","21","51"
"Sikkim","Gangtok","Prachesta-2","284","119","57","35","11","22","40"
"Sikkim","Namchi","Prachesta-2","277","116","52","33","10","17","48"
"Sikkim","Mangan","Prachesta-2","261","111","58","37","9","18","29"
"Sikkim","Gyalshing","Prachesta-2","260","97","53","31","11","23","44"
"Tamil Nadu","Perambalur","Uttam-3","380","141","67","45","27","26","73"
"Tamil Nadu","Chennai","Uttam-3","363","117","73","45","27","28","72"
"Tamil Nadu","Kanniyakumari","Uttam-3","361","117","70","46","27","27","74"
"Tamil Nadu","Erode","Prachesta-1","357","122","65","45","27","25","74"
"Tamil Nadu","Coimbatore","Prachesta-1","356","118","66","43","27","28","73"
"Tamil Nadu","Thanjavur","Prachesta-1","351","116","66","45","27","23","74"
"Tamil Nadu","Ariyalur","Prachesta-1","348","115","65","44","27","25","72"
"Tamil Nadu","Dindigul","Prachesta-1","347","115","63","45","27","23","74"
"Tamil Nadu","Kancheepuram","Prachesta-1","346","108","67","45","27","26","72"
"Tamil Nadu","Madurai","Prachesta-1","346","112","66","43","27","23","75"
"Tamil Nadu","Tiruvarur","Prachesta-1","345","113","65","44","27","24","72"
"Tamil Nadu","Cuddalore","Prachesta-1","345","111","65","44","27","25","72"
"Tamil Nadu","Salem","Prachesta-1","345","108","66","43","27","26","75"
"Tamil Nadu","The Nilgiris","Prachesta-1","344","110","65","45","27","25","71"
"Tamil Nadu","Tiruchirappalli","Prachesta-1","344","110","65","45","27","25","72"
"Tamil Nadu","Tirunelveli","Prachesta-1","343","113","63","45","27","22","73"
"Tamil Nadu","Krishnagiri","Prachesta-1","341","110","63","43","27","26","73"
"Tamil Nadu","Dharmapuri","Prachesta-1","341","109","65","43","27","24","73"
"Tamil Nadu","Virudhunagar","Prachesta-1","341","109","63","45","27","23","74"
"Tamil Nadu","Tiruvallur","Prachesta-1","339","105","66","43","27","24","73"
"Tamil Nadu","Vellore","Prachesta-1","339","109","64","44","27","22","73"
"Tamil Nadu","Ranipet","Prachesta-1","339","106","66","44","27","24","72"
"Tamil Nadu","Thoothukkudi","Prachesta-1","339","107","65","45","27","22","74"
"Tamil Nadu","Nagapattinam","Prachesta-1","339","102","67","43","27","26","74"
"Tamil Nadu","Mayiladuthurai","Prachesta-1","339","104","66","43","27","23","75"
"Tamil Nadu","Kallakurichi","Prachesta-1","339","102","66","43","27","29","73"
"Tamil Nadu","Sivaganga","Prachesta-1","339","110","63","43","27","23","72"
"Tamil Nadu","Chengalpattu","Prachesta-1","338","105","66","43","27","26","72"
"Tamil Nadu","Namakkal","Prachesta-1","336","99","65","45","27","25","74"
"Tamil Nadu","Tiruppur","Prachesta-1","336","104","64","45","27","24","73"
"Tamil Nadu","Tiruvannamalai","Prachesta-1","335","103","62","43","27","26","74"
"Tamil Nadu","Villupuram","Prachesta-1","334","96","64","44","27","30","73"
"Tamil Nadu","Karur","Prachesta-1","333","101","63","44","27","24","74"
"Tamil Nadu","Tirupathur","Prachesta-1","332","103","64","45","27","23","71"
"Tamil Nadu","Tenkasi","Prachesta-1","332","100","64","45","27","23","74"
"Tamil Nadu","Ramanathapuram","Prachesta-1","325","96","63","45","27","22","72"
"Tamil Nadu","Pudukkottai","Prachesta-1","323","92","63","42","27","25","74"
"Tamil Nadu","Theni","Prachesta-1","323","87","65","45","27","25","74"
"Telangana","Medchal","Prachesta-2","260","108","41","28","14","21","48"
"Telangana","Hanumakonda","Prachesta-2","250","109","37","29","9","14","53"
"Telangana","Hyderabad","Prachesta-2","246","104","40","26","9","23","44"
"Telangana","Rangareddy","Prachesta-2","245","109","38","27","8","17","46"
"Telangana","Vikarabad","Prachesta-3","237","109","37","23","7","9","52"
"Telangana","Jangaon","Prachesta-3","235","103","37","27","8","9","50"
"Telangana","Siddipet","Prachesta-3","232","95","43","28","9","11","46"
"Telangana","Sangareddy","Prachesta-3","232","106","37","26","7","12","43"
"Telangana","Warangal","Prachesta-3","226","89","35","27","7","11","57"
"Telangana","Suryapet","Prachesta-3","226","96","35","26","8","9","52"
"Telangana","Nizamabad","Prachesta-3","225","90","40","28","7","12","48"
"Telangana","Jagtial","Prachesta-3","225","86","37","30","6","11","55"
"Telangana","Khammam","Prachesta-3","225","98","36","29","8","11","43"
"Telangana","Peddapalli","Prachesta-3","225","86","39","29","5","11","54"
"Telangana","Kamareddy","Prachesta-3","223","87","38","29","7","9","53"
"Telangana","Jayashankar","Prachesta-3","220","93","33","23","5","6","60"
"Telangana","Yadadri Bhuvanagiri","Prachesta-3","220","87","38","30","8","10","46"
"Telangana","Karimnagar","Prachesta-3","217","88","38","25","6","12","47"
"Telangana","Bhadradri Kothagudem","Prachesta-3","216","87","33","30","8","8","51"
"Telangana","Rajanna Siricilla","Prachesta-3","215","87","38","28","7","11","44"
"Telangana","Mulugu","Prachesta-3","214","81","32","31","7","5","58"
"Telangana","Jogulamba Gadwal","Prachesta-3","214","89","38","22","8","10","47"
"Telangana","Mancherial","Prachesta-3","212","91","36","28","6","9","42"
"Telangana","Mahabubnagar","Prachesta-3","211","87","38","24","8","9","44"
"Telangana","Nagarkurnool","Prachesta-3","211","83","34","25","7","8","54"
"Telangana","Mahabubabad","Prachesta-3","210","79","33","29","8","6","55"
"Telangana","Nalgonda","Prachesta-3","210","86","36","26","7","9","46"
"Telangana","Nirmal","Prachesta-3","208","82","33","30","6","9","47"
"Telangana","Wanaparthy","Prachesta-3","207","82","36","26","5","9","50"
"Telangana","Medak","Prachesta-3","197","82","34","24","6","9","43"
"Telangana","Adilabad","Prachesta-3","197","74","30","30","5","6","53"
"Telangana","Kumuram Bheem
Asifabad","Prachesta-3","196","80","29","26","4","6","52"
"Telangana","Narayanapet","Prachesta-3","196","82","36","25","8","9","35"
"Tripura","West Tripura","Prachesta-2","276","118","57","30","13","10","48"
"Tripura","Khowai","Prachesta-2","266","112","55","30","14","6","49"
"Tripura","Sepahijala","Prachesta-2","261","111","50","31","12","7","51"
"Tripura","South Tripura","Prachesta-2","258","119","51","34","13","7","35"
"Tripura","North Tripura","Prachesta-2","257","104","51","40","14","8","40"
"Tripura","Gomati","Prachesta-2","240","108","41","36","12","6","36"
"Tripura","Unakoti","Prachesta-3","233","101","51","26","11","7","36"
"Tripura","Dhalai","Prachesta-3","217","73","47","27","12","9","49"
"Uttar Pradesh","Jhansi","Prachesta-2","287","112","58","20","22","12","63"
"Uttar Pradesh","Gautam Buddha Nagar","Prachesta-2","272","133","43","21","13","19","43"
"Uttar Pradesh","Ghaziabad","Prachesta-2","259","118","44","21","12","19","44"
"Uttar Pradesh","Varanasi","Prachesta-2","257","124","44","23","12","13","41"
"Uttar Pradesh","Shrawasti","Prachesta-2","249","87","51","24","24","8","56"
"Uttar Pradesh","Gorakhpur","Prachesta-3","239","104","47","23","19","8","39"
"Uttar Pradesh","Lucknow","Prachesta-3","235","106","42","23","11","14","39"
"Uttar Pradesh","Baghpat","Prachesta-3","235","107","44","23","13","11","37"
"Uttar Pradesh","Hapur (Panchsheel Nagar)","Prachesta-3","231","106","43","23","9","9","40"
"Uttar Pradesh","Bhadoi","Prachesta-3","230","101","47","22","16","8","36"
"Uttar Pradesh","Agra","Prachesta-3","230","98","48","21","11","13","39"
"Uttar Pradesh","Chitrakoot","Prachesta-3","230","105","45","22","14","5","38"
"Uttar Pradesh","Kanpur Dehat","Prachesta-3","229","113","42","21","10","5","39"
"Uttar Pradesh","Kanpur Nagar","Prachesta-3","229","103","46","22","9","11","40"
"Uttar Pradesh","Fatehpur","Prachesta-3","229","111","46","21","11","6","35"
"Uttar Pradesh","Ghazipur","Prachesta-3","229","105","43","22","13","7","37"
"Uttar Pradesh","Mirzapur","Prachesta-3","229","101","48","21","20","7","32"
"Uttar Pradesh","Faizabad","Prachesta-3","228","111","42","21","9","7","39"
"Uttar Pradesh","Firozabad","Prachesta-3","228","95","42","27","14","12","37"
"Uttar Pradesh","Chandauli","Prachesta-3","228","106","45","21","12","9","36"
"Uttar Pradesh","Shamli (Prabudh Nagar)","Prachesta-3","227","104","46","21","11","11","36"
"Uttar Pradesh","Mathura","Prachesta-3","227","113","40","18","8","8","39"
"Uttar Pradesh","Meerut","Prachesta-3","227","105","41","19","10","13","39"
"Uttar Pradesh","Hamirpur (U.P.)","Prachesta-3","224","101","48","22","13","4","36"
"Uttar Pradesh","Sultanpur","Prachesta-3","220","99","45","20","13","6","36"
"Uttar Pradesh","Azamgarh","Prachesta-3","219","102","40","17","10","8","42"
"Uttar Pradesh","Deoria","Prachesta-3","219","106","39","20","10","5","38"
"Uttar Pradesh","Muzaffarnagar","Prachesta-3","219","98","46","19","13","7","36"
"Uttar Pradesh","Etawah","Prachesta-3","219","104","42","19","11","7","35"
"Uttar Pradesh","Farrukhabad","Prachesta-3","218","101","44","19","10","10","34"
"Uttar Pradesh","Mahoba","Prachesta-3","218","95","46","21","14","6","35"
"Uttar Pradesh","Jaunpur","Prachesta-3","217","105","39","19","10","8","37"
"Uttar Pradesh","Sant Kabir Nagar","Prachesta-3","216","109","41","20","8","5","33"
"Uttar Pradesh","Ballia","Prachesta-3","216","113","36","17","9","5","37"
"Uttar Pradesh","Mau","Prachesta-3","216","108","35","19","9","6","39"
"Uttar Pradesh","Bulandshahr","Prachesta-3","216","94","44","20","10","12","36"
"Uttar Pradesh","Moradabad","Prachesta-3","215","95","43","18","11","9","39"
"Uttar Pradesh","Saharanpur","Prachesta-3","215","102","42","18","9","8","36"
"Uttar Pradesh","Ambedkar Nagar","Prachesta-3","215","101","39","21","12","6","37"
"Uttar Pradesh","Barabanki","Prachesta-3","215","95","45","21","12","11","32"
"Uttar Pradesh","Basti","Prachesta-3","215","104","38","19","11","4","39"
"Uttar Pradesh","Prayagraj","Prachesta-3","213","98","41","21","11","7","33"
"Uttar Pradesh","Siddharthnagar","Prachesta-3","213","110","39","18","9","5","32"
"Uttar Pradesh","Lalitpur","Prachesta-3","212","104","39","21","12","7","30"
"Uttar Pradesh","Mainpuri","Prachesta-3","211","94","42","23","10","5","38"
"Uttar Pradesh","Aligarh","Prachesta-3","211","109","32","20","7","6","37"
"Uttar Pradesh","Sonbhadra","Prachesta-3","211","97","42","20","11","6","34"
"Uttar Pradesh","Auraiya","Prachesta-3","210","104","36","19","9","6","37"
"Uttar Pradesh","Rae Bareli","Prachesta-3","210","102","41","19","11","5","33"
"Uttar Pradesh","Jalaun","Prachesta-3","210","104","39","18","8","5","37"
"Uttar Pradesh","Hardoi","Prachesta-3","210","76","46","21","12","6","49"
"Uttar Pradesh","Jyotiba Phule Nagar (Amroha)","Prachesta-3","210","100","41","17","8","6","37"
"Uttar Pradesh","Amethi  CSM Nagar","Prachesta-3","209","90","44","21","10","8","37"
"Uttar Pradesh","Unnao","Prachesta-3","209","99","42","19","8","4","36"
"Uttar Pradesh","Hathras","Prachesta-3","208","93","43","20","10","6","35"
"Uttar Pradesh","Kaushambi","Prachesta-3","208","91","43","21","10","6","37"
"Uttar Pradesh","Banda","Prachesta-3","207","89","45","19","14","6","33"
"Uttar Pradesh","Bijnor","Prachesta-3","207","91","44","18","11","6","36"
"Uttar Pradesh","Etah","Prachesta-3","206","96","39","17","9","6","38"
"Uttar Pradesh","Kannauj","Prachesta-3","205","89","42","21","11","6","36"
"Uttar Pradesh","Pratapgarh","Prachesta-3","204","95","39","20","10","3","36"
"Uttar Pradesh","Sambhal (Bhim Nagar)","Prachesta-3","201","89","40","20","11","6","35"
"Uttar Pradesh","Gonda","Prachesta-3","199","86","45","19","12","5","33"
"Uttar Pradesh","Bahraich","Prachesta-3","199","88","47","20","11","4","29"
"Uttar Pradesh","Kheri","Prachesta-3","198","81","45","24","13","5","31"
"Uttar Pradesh","Bareilly","Prachesta-3","195","80","43","18","10","10","35"
"Uttar Pradesh","Kushinagar","Prachesta-3","195","83","44","18","9","4","37"
"Uttar Pradesh","Rampur","Prachesta-3","195","87","40","19","9","6","34"
"Uttar Pradesh","Pilibhit","Prachesta-3","195","84","44","21","11","5","29"
"Uttar Pradesh","Sitapur","Prachesta-3","192","79","46","21","10","5","30"
"Uttar Pradesh","Maharajganj","Prachesta-3","192","86","40","18","8","6","33"
"Uttar Pradesh","Budaun","Prachesta-3","191","79","43","23","12","4","30"
"Uttar Pradesh","Kasganj","Prachesta-3","190","74","43","19","10","10","35"
"Uttar Pradesh","Shahjahanpur","Prachesta-3","185","80","41","23","8","4","29"
"Uttar Pradesh","Balrampur","Akanshi-1","172","67","37","22","8","6","33"
"Uttarakhand","Nainital","Prachesta-1","313","136","51","32","18","22","55"
"Uttarakhand","Pithoragarh","Prachesta-1","309","119","50","32","25","17","66"
"Uttarakhand","Almora","Prachesta-1","309","119","49","35","22","19","65"
"Uttarakhand","Dehradun","Prachesta-1","305","131","49","33","22","22","49"
"Uttarakhand","Chamoli","Prachesta-2","289","103","56","31","23","19","57"
"Uttarakhand","Pauri Garhwal","Prachesta-2","278","130","47","30","15","14","43"
"Uttarakhand","Uttarkashi","Prachesta-2","275","110","46","30","19","17","53"
"Uttarakhand","Champawat","Prachesta-2","266","111","51","30","19","14","39"
"Uttarakhand","Bageshwar","Prachesta-2","265","113","50","33","19","12","38"
"Uttarakhand","Tehri Garhwal","Prachesta-2","264","109","48","29","15","15","49"
"Uttarakhand","Haridwar","Prachesta-2","247","105","43","29","11","16","42"
"Uttarakhand","Rudraprayag","Prachesta-2","241","108","44","26","13","10","40"
"Uttarakhand","Udham Singh Nagar","Prachesta-3","235","88","43","29","14","15","46"
"West Bengal","North 24 Pargana","Prachesta-2","287","163","48","34","4","7","30"
"West Bengal","Kolkata","Prachesta-2","282","155","45","32","5","12","33"
"West Bengal","Murshidabad","Prachesta-2","280","154","50","35","4","4","34"
"West Bengal","Paschim
Medinipur","Prachesta-2","273","151","48","35","4","4","31"
"West Bengal","Bankura","Prachesta-2","269","150","47","35","4","4","30"
"West Bengal","Howrah","Prachesta-2","268","144","47","33","4","7","33"
"West Bengal","Hooghly","Prachesta-2","268","141","47","35","5","7","33"
"West Bengal","Cooch Behar","Prachesta-2","268","135","55","37","4","3","33"
"West Bengal","Jhargram","Prachesta-2","267","150","46","36","4","3","29"
"West Bengal","Purba Medinipur","Prachesta-2","265","147","43","34","4","4","34"
"West Bengal","Purba Bardhaman","Prachesta-2","264","140","51","34","5","5","29"
"West Bengal","Nadia","Prachesta-2","257","141","45","35","3","5","29"
"West Bengal","South 24 Pargana","Prachesta-2","255","138","48","34","3","5","26"
"West Bengal","Paschim
Bardhaman","Prachesta-2","252","131","49","33","4","8","28"
"West Bengal","Purulia","Prachesta-2","240","129","43","34","2","4","28"
"West Bengal","Birbhum","Prachesta-3","234","120","45","34","4","5","26"
"West Bengal","Siliguri","Prachesta-3","234","121","41","33","3","9","27"
"West Bengal","Malda","Prachesta-3","234","124","39","34","2","5","29"
"West Bengal","Alipurduar","Prachesta-3","226","111","42","35","2","6","29"
"West Bengal","Dakshin Dinajpur","Prachesta-3","221","109","43","33","3","4","29"
"West Bengal","Jalpaiguri","Prachesta-3","212","100","42","33","3","6","28"
"West Bengal","Darjeeling","Prachesta-3","209","113","26","30","2","6","32"
"West Bengal","Kalimpong","Prachesta-3","208","102","27","33","3","5","38"
